{"FreeForAll": [{"username": "\ud83e\udd8b\u270aWarrior & Wokester\ud83d\ude05\ud83c\udf0a", "tweet_location": "South Carolina, USA", "tweet_text": "RT @RealCoachStein: DeSantis signs bill to carry concealed guns without a permit effective July 1st\n\nRepubs just made Florida a #FreeForAll\u2026"}, {"username": "Brian Cardone \ud83c\udff4\u200d\u2620\ufe0f\ud83c\uddfa\ud83c\udde6", "tweet_location": "North Carolina, USA", "tweet_text": "RT @RealCoachStein: DeSantis signs bill to carry concealed guns without a permit effective July 1st\n\nRepubs just made Florida a #FreeForAll\u2026"}, {"username": "\ud83c\udf0a\ud83c\udf70CAKE\ud83c\udf70\ud83c\udf0a\ud83c\udf55\ud83e\udd66\ud83c\udf44\ud83e\uddc0\ud83c\udf54\ud83c\udf53\ud83c\udf68\ud83c\udf4e\ud83e\uddc1", "tweet_location": "\u2638\ud83c\udf8a\ud83d\udd49Parallel Universe\ud83d\udd49\ud83d\ude43\u2638", "tweet_text": "DeSantis signs bill to carry concealed guns without a permit effective July 1st\n\nRepubs just made Florida a\u2026 https://t.co/oYdLFuYGbt"}, {"username": "Saurabh S Dani, MD, MSc", "tweet_location": "USA", "tweet_text": "#FreeForAll Come join us, #IMGs #AMGs #Matched #Unmatched, students, Applicants, Internal Medicine Residents, fello\u2026 https://t.co/amNJtxfmVB"}, {"username": "Mr. Reid", "tweet_location": "Mobile, AL", "tweet_text": "@PickleGirl_38 @POINTBREAKB0LS0 @CNN 2) The freeforall life has problems wouldn't you agree? If everyone lives by w\u2026 https://t.co/s5McFAKpKO"}, {"username": "Vince Alfredo", "tweet_location": "", "tweet_text": "@catturd2 All they want is to imprison their political rival. And for what... the state being stupid enough to give\u2026 https://t.co/wAFUqn6s1y"}, {"username": "fmdj", "tweet_location": "", "tweet_text": "@ilovedatabase @nathanpsmad @elonmusk being the public figure who he is, can't this be considered free markets mani\u2026 https://t.co/h09Wwo4fFs"}, {"username": "Free For All Podcast", "tweet_location": "", "tweet_text": "Marking student work in 2023\u2026 #theprisoner #thegeneral #freeforall https://t.co/PHSOpz5K4a"}, {"username": "sp6r=underrated", "tweet_location": "No Time Machine :(", "tweet_text": "@ChrisByBike @loganb I live in SF that is what we do. We cram all the homeless into the TL. We allow it to be a fre\u2026 https://t.co/LV9xIODCDQ"}, {"username": "The Jade Grue", "tweet_location": "", "tweet_text": "Podcast #978 : FreeForAll Monday: We're Living In Idiocracy Times! Walt SHF &amp; BFP Hank Strange WMMF https://t.co/vAI2mtwXdi via @utreonapp"}], "TennesseeThree": [{"username": "Thomas Condo", "tweet_location": "", "tweet_text": "RT @j_blue_advocacy: If you live in Tennessee, please see the below. Flood your local legislators with you feelings on voting NO for the re\u2026"}, {"username": "Wunderkammerland \ud83c\uddfa\ud83c\udde6", "tweet_location": "", "tweet_text": "RT @VoteGloriaJ: Y\u2019all are making me cry like a baby. This video, from @W_Mendoza_ is so wonderful, thank you, this means so much everybody\u2026"}, {"username": "Jewell", "tweet_location": "", "tweet_text": "RT @VoteGloriaJ: Y\u2019all are making me cry like a baby. This video, from @W_Mendoza_ is so wonderful, thank you, this means so much everybody\u2026"}, {"username": "Ray Knight", "tweet_location": "Powell, TN", "tweet_text": "RT @SherylCrow: Pay attention to what\u2019s happening in Tennessee\u2026.\n\n#TennesseeThree \n\nhttps://t.co/IrMDyh4F0f"}, {"username": "justice4all \ud83c\udff3\ufe0f\u200d\ud83c\udf08\u2696\ud83c\uddfa\ud83c\udde6", "tweet_location": "", "tweet_text": "RT @VoteGloriaJ: Y\u2019all are making me cry like a baby. This video, from @W_Mendoza_ is so wonderful, thank you, this means so much everybody\u2026"}, {"username": "Lisa Tersinar", "tweet_location": "Nashville, TN", "tweet_text": "RT @VoteGloriaJ: Y\u2019all are making me cry like a baby. This video, from @W_Mendoza_ is so wonderful, thank you, this means so much everybody\u2026"}, {"username": "Nan-We got more trash to remove.", "tweet_location": "", "tweet_text": "RT @LaurenTRider: Want to support @VoteGloriaJ and the #TennesseeThree? Keep calling state reps before Thursday 8am session: https://t.co/W\u2026"}, {"username": "EmsguyBob", "tweet_location": "", "tweet_text": "RT @VoteGloriaJ: Y\u2019all are making me cry like a baby. This video, from @W_Mendoza_ is so wonderful, thank you, this means so much everybody\u2026"}, {"username": "Athena Sidiropoulou", "tweet_location": "---", "tweet_text": "RT @VoteGloriaJ: Thank you so much to the #Knoxville people who showed up for #TennesseeThree in Krutch Park today. I love you guys so much\u2026"}, {"username": "Gareth Morgan-Jones \ud83c\udff4\udb40\udc67\udb40\udc62\udb40\udc77\udb40\udc6c\udb40\udc73\udb40\udc7f\ud83c\uddfa\ud83c\udde6\u262e\ufe0f", "tweet_location": "Auburn, AL", "tweet_text": "RT @VoteGloriaJ: Y\u2019all are making me cry like a baby. This video, from @W_Mendoza_ is so wonderful, thank you, this means so much everybody\u2026"}], "PEIPoli": [{"username": "Trish Smithers", "tweet_location": "", "tweet_text": "P.E.I. election: King promises \u2018positive politics\u2019 #PEIPoli #PrinceEdwardIslandPolitics #CanadaNews\u2026 https://t.co/2NitQMChh8"}, {"username": "Darcie Lanthier", "tweet_location": "Prince Edward Island, Canada", "tweet_text": "RT @HoodHaikus: Some good news for the timeline: today, in a 45-page decision, the Office of the Information and Privacy Commissioner found\u2026"}, {"username": "\ud83d\udd4aOridon Innovations\ud83d\udee1", "tweet_location": "Toronto, Ontario", "tweet_text": "\ud83d\udce3#BREAKING - #JEDINews\ud83c\udf0e\n\n\ud83e\udd85#JEDI\ud83c\uddfa\ud83c\uddf8 CALLING\n\n\ud83d\udcdc#Stalemate\u265f\n\n\ud83d\udd4a#LetPeaceBeTheVictor\ud83d\udcdc \n\nV\n\n@FoxNews #USA @CanadianPress\u2026 https://t.co/gkYeRkKULZ"}, {"username": "\ud83d\udd4aOridon Innovations\ud83d\udee1", "tweet_location": "Toronto, Ontario", "tweet_text": "\ud83d\udce3Poll: Zero-sum game? \n\n\ud83d\udcdc#Stalemate\u265f \n\n@FoxNews @CanadianPress #Trump #FreeTrump #DonaldTrump #CDNmedia #CDNpoli\u2026 https://t.co/r5kdZEUw6T"}, {"username": "Garry Duke", "tweet_location": "Alberta & Palm Springs, CA", "tweet_text": "RT @rbatherson: Congrats @dennyking &amp; @PEIPCParty on earning a second mandate from Islanders!!! #peipoli https://t.co/dF88IzspEu"}, {"username": "Hannah Bell \ud83c\udde8\ud83c\udde6\ud83d\udc9a", "tweet_location": "Prince Edward Island, Canada", "tweet_text": "RT @HoodHaikus: Some good news for the timeline: today, in a 45-page decision, the Office of the Information and Privacy Commissioner found\u2026"}, {"username": "Teresa MacLean", "tweet_location": "Prince Edward Island", "tweet_text": "RT @TonyDavisCBC: Hello PEI if you are facing a greater than allowable rent increase and would like to chat please reach out to me here or\u2026"}, {"username": "Nates Hot Takes", "tweet_location": "Burnaby, British Columbia", "tweet_text": "RT @CIVIX_Canada: The #StudentVote PEI results are in!\n\nMore than 6,000 @studentvote ballots were cast from nearly 35 schools. #StudentVote\u2026"}, {"username": "Mike Bujold", "tweet_location": "Born and raised in Toronto", "tweet_text": "RT @ndp_pei: Friends, the next campaign starts today. We\u2019re going to build, grow and talk to more Islanders than ever before.\n\nBe rest assu\u2026"}, {"username": "LG", "tweet_location": "", "tweet_text": "RT @mfmackenzie: I wish I lived in the same place as all the people who think the last 4 years were so good they want to sign up for 4 more\u2026"}], "PrinceEdwardIslandPolitics": [{"username": "Trish Smithers", "tweet_location": "", "tweet_text": "P.E.I. election: King promises \u2018positive politics\u2019 #PEIPoli #PrinceEdwardIslandPolitics #CanadaNews\u2026 https://t.co/2NitQMChh8"}], "CanadaNews": [{"username": "Trish Smithers", "tweet_location": "", "tweet_text": "Nova Scotia rent supplement threshold change means people need to pay more to get help \u2013 Halifax #NovaScotia\u2026 https://t.co/7tmfc2hIeM"}, {"username": "Trish Smithers", "tweet_location": "", "tweet_text": "P.E.I. election: King promises \u2018positive politics\u2019 #PEIPoli #PrinceEdwardIslandPolitics #CanadaNews\u2026 https://t.co/2NitQMChh8"}, {"username": "Nancy Gerber", "tweet_location": "", "tweet_text": "Finland flag raised at Nato HQ as country joins military alliance video | World news #CanadaMilitary #Military\u2026 https://t.co/QgiNomyDy1"}, {"username": "Abigail Mercer", "tweet_location": "Calgary", "tweet_text": "Finland flag raised at Nato HQ as country joins military alliance video | World news #CanadaMilitary #Military\u2026 https://t.co/Qr6kxFRXs4"}, {"username": "Sarah Samuels", "tweet_location": "", "tweet_text": "Finland flag raised at Nato HQ as country joins military alliance video | World news #CanadaMilitary #Military\u2026 https://t.co/JK55cgBzWR"}, {"username": "Melina Handler", "tweet_location": "", "tweet_text": "Finland flag raised at Nato HQ as country joins military alliance video | World news #CanadaMilitary #Military\u2026 https://t.co/EP0eWkqCxP"}, {"username": "Sarah Samuels", "tweet_location": "", "tweet_text": "Montreal Jazz Fest lineup announced #Quebec #QuebecNews #CanadaNews #CDNNews [Video] https://t.co/MMwtjHXV1J"}, {"username": "Abigail Mercer", "tweet_location": "Calgary", "tweet_text": "Donald Trump indictment: Live updates as not guilty plea entered #CanadaCrime #Crime #CanadaNews [Video] https://t.co/c0ov1Cd3Iz"}, {"username": "Melina Handler", "tweet_location": "", "tweet_text": "Donald Trump indictment: Live updates as not guilty plea entered #CanadaCrime #Crime #CanadaNews [Video] https://t.co/Mn1ITsJu4y"}, {"username": "Nancy Gerber", "tweet_location": "", "tweet_text": "Donald Trump indictment: Live updates as not guilty plea entered #CanadaCrime #Crime #CanadaNews [Video] https://t.co/j2Tio5zdXw"}]}