child_tweet_id,parent_tweet_id,parent_tweet_user_id,parent_tweet_user_name,parent_tweet_text
1643409675545726977,1643406426209939461,1303986427366121473,Eclipse 🦊🏳️‍⚧️☭,"@EnjoyerMoirai @WarrenCarrigan @TheOnion Ok so
Easy explanation
We (the people) pay taxes
Our taxes are used for pa… https://t.co/ynVRtk959T"
1643409673444286465,1643246334298783744,922905738535690240,AYS Sports,"With all due respect to the First Lady, Jill Biden. inviting both teams to the White House is pretty dumb. That rig… https://t.co/c4dXdB2G7i"
1643409665110458369,1643327094317776900,1477311278804881410,Red Lion Politics,No Republican is talking about the Wisconsin Supreme Court race or promoting people to vote. We’re doomed.
1643409663575064578,1642975216191012869,880018682,David Weissman ✡️,"@charliekirk11 @mtgreenee Bla bla bla bla, regardless of what lying bull crap you say, Trump is guilty."
1643409663487008775,1643399240096559105,106492441,Hi-Rez The Rapper #Together4Victor,people said Im a radical right winger! lol. Yall still think theres wings? LMAO it's all the same bird dummies. Kee… https://t.co/Bid6BxtdOO
1643409661658292225,1643267020811649025,23034673,Hemant Mehta,It’s almost impressive how Christian evangelist Franklin Graham always finds the worst possible take on any issue. https://t.co/g7fbh4dGm3
1643409649553612804,1643409103635591168,19479706,Geraldo Cadava,@Lopez5Asusena sure! are you from chicago?
1643409642003877888,1640364462153650176,27716419,Craig Murray -,"There is now a helpful clarity to Scottish politics.

The SNP is a devolutionist party focused entirely on Clinton… https://t.co/Xbm29wP4ei"
1643409641018122240,1643406595420999680,21538653,Jeffrey Evan Gold,"@MSNBC Well since the fraud involved Donald Trump's scheme to get elected in 2016, well duh."
1643409631773970433,1643402670302982144,1057802978894209024,Diamondeyes45,@JamaicaConstab This is a lie. The amount of crime in Jamaica daily worse than last year. smh
1643409622810734592,1643408337042546690,1588987476256997376,RuFO,@BovineUni @NJ_Politics No they are not. Believe this medical professional then https://t.co/hl7ItNMLz7
1643409620323409920,1643408224446713856,1003117312898207744,𝐖𝐒𝐗𝐄𝐍𝐉𝐎𝐘𝐄𝐑 “𝐓𝐑𝐈𝐏𝐋𝐄 𝟑 𝐌𝐀𝐅𝐈𝐀”,my new magnum opus https://t.co/N9DrLS7g5E
1643409612589215747,1643368773204975616,73539162,Ron Tucker,"@PaulERoth @Disneydrama1 @gtconway3d No, I think you sound nuttier than Trump! All that guy does, even right now is… https://t.co/QraafMBfjA"
1643409607518220289,1643390503256244224,1244312868033646592,☢ Beelzebubba's Advocate ¯\_(ツ)_/¯,"@RapidGemini @pactimetrader @TheRickyDavila Most of the trigger pullers identify with which political party?  

Not  Republicans."
1643409603609391104,1643353627103465472,1624515703662583808,West Coast Politics,"I want a President who can WIN a General Election.

#DeSantis2024 https://t.co/PG4D1VWgDB"
1643409603147735042,1643357957164511232,19739126,Kevin McCarthy,Alvin Bragg is attempting to interfere in our democratic process by invoking federal law to bring politicized charg… https://t.co/aMh2c69IYh
1643409602996994049,1643408992453140481,2919047954,Make L.A Great Again 🇺🇸,@JohnSmithNew2 Screw that dog abuser
1643409597527474176,1643372986462875652,3051776448,Antlerassasin,"@ThePoniExpress Lmao he aint good at it tho. All the defensive moves, o line moves, and vegas over/under win total… https://t.co/ydZHraMXi1"
1643409584944734209,1643397933474148353,17995040,Ben Shapiro,This indictment is hot garbage.
