tweet_id,URL
1643409675545726977,https://twitter.com/twitter/statuses/1643409675545726977
1643409674769944577,https://twitter.com/twitter/statuses/1643409674769944577
1643409674455117824,https://twitter.com/twitter/statuses/1643409674455117824
1643409673444286465,https://twitter.com/twitter/statuses/1643409673444286465
1643409672882520065,https://twitter.com/twitter/statuses/1643409672882520065
1643409672735449088,https://twitter.com/twitter/statuses/1643409672735449088
1643409672072724482,https://twitter.com/twitter/statuses/1643409672072724482
1643409671305445376,https://twitter.com/twitter/statuses/1643409671305445376
1643409671154442240,https://twitter.com/twitter/statuses/1643409671154442240
1643409671066198016,https://twitter.com/twitter/statuses/1643409671066198016
1643409670785183747,https://twitter.com/twitter/statuses/1643409670785183747
1643409670164365312,https://twitter.com/twitter/statuses/1643409670164365312
1643409669803888641,https://twitter.com/twitter/statuses/1643409669803888641
1643409669342330881,https://twitter.com/twitter/statuses/1643409669342330881
1643409669283786752,https://twitter.com/twitter/statuses/1643409669283786752
1643409666544750592,https://twitter.com/twitter/statuses/1643409666544750592
1643409665730945024,https://twitter.com/twitter/statuses/1643409665730945024
1643409665227649025,https://twitter.com/twitter/statuses/1643409665227649025
1643409665110458369,https://twitter.com/twitter/statuses/1643409665110458369
1643409663764078593,https://twitter.com/twitter/statuses/1643409663764078593
1643409663575064578,https://twitter.com/twitter/statuses/1643409663575064578
1643409663487008775,https://twitter.com/twitter/statuses/1643409663487008775
1643409663218835456,https://twitter.com/twitter/statuses/1643409663218835456
1643409661750640640,https://twitter.com/twitter/statuses/1643409661750640640
1643409661658292225,https://twitter.com/twitter/statuses/1643409661658292225
1643409661478031360,https://twitter.com/twitter/statuses/1643409661478031360
1643409659531866112,https://twitter.com/twitter/statuses/1643409659531866112
1643409659427016705,https://twitter.com/twitter/statuses/1643409659427016705
1643409659263590400,https://twitter.com/twitter/statuses/1643409659263590400
1643409658680311810,https://twitter.com/twitter/statuses/1643409658680311810
1643409657258549249,https://twitter.com/twitter/statuses/1643409657258549249
1643409655488741376,https://twitter.com/twitter/statuses/1643409655488741376
1643409654439878662,https://twitter.com/twitter/statuses/1643409654439878662
1643409654138146816,https://twitter.com/twitter/statuses/1643409654138146816
1643409652149878785,https://twitter.com/twitter/statuses/1643409652149878785
1643409651604520968,https://twitter.com/twitter/statuses/1643409651604520968
1643409649553612804,https://twitter.com/twitter/statuses/1643409649553612804
1643409648739917827,https://twitter.com/twitter/statuses/1643409648739917827
1643409645841666048,https://twitter.com/twitter/statuses/1643409645841666048
1643409645695021057,https://twitter.com/twitter/statuses/1643409645695021057
1643409644759695360,https://twitter.com/twitter/statuses/1643409644759695360
1643409643543093249,https://twitter.com/twitter/statuses/1643409643543093249
1643409643039752192,https://twitter.com/twitter/statuses/1643409643039752192
1643409642117120001,https://twitter.com/twitter/statuses/1643409642117120001
1643409642003877888,https://twitter.com/twitter/statuses/1643409642003877888
1643409641018122240,https://twitter.com/twitter/statuses/1643409641018122240
1643409638157611008,https://twitter.com/twitter/statuses/1643409638157611008
1643409637222359041,https://twitter.com/twitter/statuses/1643409637222359041
1643409636966400000,https://twitter.com/twitter/statuses/1643409636966400000
1643409633741008896,https://twitter.com/twitter/statuses/1643409633741008896
1643409631773970433,https://twitter.com/twitter/statuses/1643409631773970433
1643409630918500352,https://twitter.com/twitter/statuses/1643409630918500352
1643409629395689481,https://twitter.com/twitter/statuses/1643409629395689481
1643409624970989568,https://twitter.com/twitter/statuses/1643409624970989568
1643409624924848129,https://twitter.com/twitter/statuses/1643409624924848129
1643409622810734592,https://twitter.com/twitter/statuses/1643409622810734592
1643409620528922624,https://twitter.com/twitter/statuses/1643409620528922624
1643409620323409920,https://twitter.com/twitter/statuses/1643409620323409920
1643409618951872514,https://twitter.com/twitter/statuses/1643409618951872514
1643409618679341057,https://twitter.com/twitter/statuses/1643409618679341057
1643409617437745152,https://twitter.com/twitter/statuses/1643409617437745152
1643409616838197248,https://twitter.com/twitter/statuses/1643409616838197248
1643409616670273538,https://twitter.com/twitter/statuses/1643409616670273538
1643409616280207361,https://twitter.com/twitter/statuses/1643409616280207361
1643409613931311104,https://twitter.com/twitter/statuses/1643409613931311104
1643409613327331328,https://twitter.com/twitter/statuses/1643409613327331328
1643409613306331136,https://twitter.com/twitter/statuses/1643409613306331136
1643409612589215747,https://twitter.com/twitter/statuses/1643409612589215747
1643409611137884160,https://twitter.com/twitter/statuses/1643409611137884160
1643409610173468672,https://twitter.com/twitter/statuses/1643409610173468672
1643409610156408833,https://twitter.com/twitter/statuses/1643409610156408833
1643409608961142784,https://twitter.com/twitter/statuses/1643409608961142784
1643409608185196544,https://twitter.com/twitter/statuses/1643409608185196544
1643409607593975808,https://twitter.com/twitter/statuses/1643409607593975808
1643409607518220289,https://twitter.com/twitter/statuses/1643409607518220289
1643409605609791488,https://twitter.com/twitter/statuses/1643409605609791488
1643409604553117698,https://twitter.com/twitter/statuses/1643409604553117698
1643409603609391104,https://twitter.com/twitter/statuses/1643409603609391104
1643409603542257664,https://twitter.com/twitter/statuses/1643409603542257664
1643409603189944321,https://twitter.com/twitter/statuses/1643409603189944321
1643409603147735042,https://twitter.com/twitter/statuses/1643409603147735042
1643409602996994049,https://twitter.com/twitter/statuses/1643409602996994049
1643409599578374145,https://twitter.com/twitter/statuses/1643409599578374145
1643409598450106368,https://twitter.com/twitter/statuses/1643409598450106368
1643409597783502850,https://twitter.com/twitter/statuses/1643409597783502850
1643409597539966977,https://twitter.com/twitter/statuses/1643409597539966977
1643409597527474176,https://twitter.com/twitter/statuses/1643409597527474176
1643409594557841409,https://twitter.com/twitter/statuses/1643409594557841409
1643409593614073856,https://twitter.com/twitter/statuses/1643409593614073856
1643409592456736769,https://twitter.com/twitter/statuses/1643409592456736769
1643409591974199296,https://twitter.com/twitter/statuses/1643409591974199296
1643409591945019393,https://twitter.com/twitter/statuses/1643409591945019393
1643409591210856449,https://twitter.com/twitter/statuses/1643409591210856449
1643409590875492354,https://twitter.com/twitter/statuses/1643409590875492354
1643409588446801920,https://twitter.com/twitter/statuses/1643409588446801920
1643409584944734209,https://twitter.com/twitter/statuses/1643409584944734209
1643409583203917825,https://twitter.com/twitter/statuses/1643409583203917825
1643409581974929408,https://twitter.com/twitter/statuses/1643409581974929408
1643409579404062721,https://twitter.com/twitter/statuses/1643409579404062721
1643409577486974981,https://twitter.com/twitter/statuses/1643409577486974981
