twitter_handle,user_name,profile_img_url,description,follower_count,following_count,joined_on,location
1535262047369412609,Moirai Enjoyer,http://pbs.twimg.com/profile_images/1535262577663651841/5OCyFdmd_normal.jpg,Whatever contravention of custom that furthers my interests is good. Whatever contravention of custom that furthers the interests of my enemies is evil.,8.0,88.0,2022-06-10 14:07:04+00:00,
1411897141,Geoffrey Badger @aus.social,http://pbs.twimg.com/profile_images/3629374965/8d5413d4992f3848c66eb54a956d2bf0_normal.jpeg,,152.0,225.0,2013-05-08 03:54:05+00:00,Living on Worimi country.
2596534806,Thyneice Taylor-Bowden,http://pbs.twimg.com/profile_images/1415805525787348998/xb29R4jo_normal.jpg,"Scientist, Wife and Mom of 3 beautiful girls. #HBCU grad",128.0,371.0,2014-06-30 15:50:38+00:00,"Nashville, TN"
810291589239033856,Geaux Todd🏴‍☠️,http://pbs.twimg.com/profile_images/1592702642882580482/HOFqWu84_normal.jpg,"Geaux Tigers🐯
Who Dat⚜️",220.0,944.0,2016-12-18 01:12:24+00:00,"Louisiana, USA"
612159013,Donna 🌻☮️🌊🌈,http://pbs.twimg.com/profile_images/1609781066629550081/-yQbpFUd_normal.jpg,I am liberal and I vote. I love memes. I block MAGATs and haters. I believe in good trouble. Necessary trouble. NO DMs.,1712.0,2419.0,2012-06-19 01:13:33+00:00,
1432685178799988738,Excel,http://pbs.twimg.com/profile_images/1628851696624435203/iDd_XCcq_normal.jpg,Wealth is Silent #Entrepreneur #Arsenal #Jesus is king 👑🦁 #Believer #Child of God,375.0,435.0,2021-08-31 12:42:32+00:00,
1589408880899100673,Ginger,http://pbs.twimg.com/profile_images/1637528663397654529/V0BrHSac_normal.jpg,"Jesus is my Saviour. Trump is my President.
Retired Navy,
MAGA,
no DMs please",68.0,137.0,2022-11-07 00:08:42+00:00,United States
1034973028738691072,newznewznewz,http://pbs.twimg.com/profile_images/1146871001247993856/vxzyQSmJ_normal.jpg,“Your tweets are just teeny manifestos.” - Michelle Wolf,401.0,778.0,2018-08-30 01:16:13+00:00,Elsewhere
775447828004864000,kristine white,http://pbs.twimg.com/profile_images/1615114604253941762/e5mLtfyA_normal.jpg,"swiftie first, reporter @healthcarebrew second. won a pulitzer that one time. she/her. prev @nytimes @occidentalnews✨🇵🇭🇨🇦👩🏽‍💻 tips? white@morningbrew.com",1518.0,1549.0,2016-09-12 21:35:44+00:00,WA
1558753809429569536,Keith Cocker,http://pbs.twimg.com/profile_images/1643408243975413761/eMA-W4X7_normal.png,"Historian & Antiquarian; Music, Art & Literature Lover. I abhor right wing views.",16.0,126.0,2022-08-14 09:54:12+00:00,County Palatinate of Lancaster
1098611071705931779,thegreatone,http://abs.twimg.com/sticky/default_profile_images/default_profile_normal.png,Scottish independence,471.0,481.0,2019-02-21 15:51:05+00:00,
948652081673637889,Robert Larkin 🌺☮️🍀,http://pbs.twimg.com/profile_images/1348752961405644808/52upUrZE_normal.jpg,"New information changes my world view, anger and self-righteousness do not. I am sometimes angry and self-righteous. Selfie allergic
#BoycottPuma #AntiGlobalism",625.0,1260.0,2018-01-03 20:27:36+00:00,"North Carolina, USA"
1597633809511378944,Power,http://pbs.twimg.com/profile_images/1597634277839056896/dE1eQj_t_normal.jpg,"Pro God, Pro Gun, Pro Life, Pro Fun.
DM = BLOCK",628.0,1118.0,2022-11-29 16:49:31+00:00,
1594306048621514752,John Hogan,http://pbs.twimg.com/profile_images/1594307816638103554/9Bik3rPA_normal.jpg,,19.0,153.0,2022-11-20 12:32:58+00:00,
547292623,Sharla M Greene,http://pbs.twimg.com/profile_images/1230269754536951808/xBVh-b7x_normal.jpg,Nascar fan and parent of teen,144.0,426.0,2012-04-07 03:37:24+00:00,
898603386,Carol Bryant,http://pbs.twimg.com/profile_images/1345100608836141059/l3v9qfXk_normal.jpg,"Old lady trying to live the Golden Rule, concerned for the tone and direction of our country. Progressive Democrat! Spurs, Texans, Astros! Texan to my core.",339.0,1204.0,2012-10-22 22:53:26+00:00,"Canyon Lake, TX"
1939118838,Brian Cardone 🏴‍☠️🇺🇦,http://pbs.twimg.com/profile_images/1444782599315107843/apaTNMU2_normal.jpg,#LincolnVoter #DemsAct #DemVoice1 #wtpBlue.,9717.0,6088.0,2013-10-05 23:41:35+00:00,"North Carolina, USA"
1311712345358565382,Ramblin' Random Cowboy Joe The Culture Sponge,http://pbs.twimg.com/profile_images/1438363166967275521/SlVU_UWE_normal.jpg,"You don't mean literally, you mean figuratively. If the logic isn't there then look at psychological. I am a person of no color. 
Vocal Fry🚫 Redundancy🚫DM🚫",383.0,391.0,2020-10-01 16:59:46+00:00,"Bayshore Gardens, FL"
1536813083967885312,Gern,http://pbs.twimg.com/profile_images/1574237279786135553/pE9yrIKk_normal.jpg,Sarcastic malcontent just trying to find his way in a world going crazy. Conservative. Democrat hater since 1990. Trump hater since March 2020.,56.0,73.0,2022-06-14 20:49:56+00:00,
800338689339445252,A Hateful Mate,http://pbs.twimg.com/profile_images/800339201828868097/roeEjOrd_normal.jpg,Human sandbag.,78.0,212.0,2016-11-20 14:03:07+00:00,Close. Too close. 
2480942394,Billy Williams,http://pbs.twimg.com/profile_images/1601855209197780995/QRjD9xHz_normal.jpg,Here mainly for sports (Longhorns) and politics🇺🇸PhD. business owner.. capitalist. #DeSantis2024 #hookem,249.0,1055.0,2014-05-07 01:14:44+00:00,"Austin, TX"
3285435380,WhatATwist,http://pbs.twimg.com/profile_images/1593436297355530242/eQi6JvDY_normal.jpg,"Bear in a table suit. 
Table in a bear suit.

#glorigang ✨
#CashAppInBio $JessiArte",2350.0,5000.0,2015-07-20 13:56:16+00:00,🥚
1614430477,Mary O'Connell,http://pbs.twimg.com/profile_images/1192950920725663744/JphpAGww_normal.jpg,,34.0,33.0,2013-07-23 04:59:14+00:00,
4568118332,DebraToTheLeft,http://pbs.twimg.com/profile_images/1642336764663668738/ckTuHGx5_normal.jpg,PLEASE NO FOLLOWBACK LISTS or DMs! Healthcare voter. On that other place P O S T with same handle. No MAGAts bitcoin or bots. I VET all accounts.,9063.0,9098.0,2015-12-15 18:30:47+00:00,MN
1224198638009753600,Hansel Krankepantzen,http://pbs.twimg.com/profile_images/1224199052516102146/MqHq5cp9_normal.jpg,An economist fighting conservative and right wing misinterpretations of economic theory.  Why?  Because bad economics generates confusion and conflict.,698.0,546.0,2020-02-03 05:11:34+00:00,USA
1113502059058335745,Terry Altherr,http://pbs.twimg.com/profile_images/1113502434993815552/a4q8nNko_normal.jpg,Pro-Proletariat. Green New Deal or Bust. NUMTOT. From the Greater Boston Area so you’re correct that I’m unapologetic about my sports teams.,1442.0,3144.0,2019-04-03 18:02:33+00:00,"Newton, MA"
767077770765754368,TreeMuseum$1.50☮️☮️☮️,http://pbs.twimg.com/profile_images/1528705893679996928/jokFn7-O_normal.jpg,"Here to be entertained, find info & sometimes be a kind voice🌼.",21.0,112.0,2016-08-20 19:16:06+00:00,NY
188585765,We're all in this together,http://pbs.twimg.com/profile_images/1070156532548100102/-kjYiX9A_normal.jpg,@Lenny13@mstdn.party,119.0,68.0,2010-09-09 02:30:06+00:00,
1102773540741275648,D Benson,http://pbs.twimg.com/profile_images/1483326550443393024/WFyOJvV5_normal.jpg,"Involved Daughter, Wife, Sister, Aunt and Friend; Opinions are my own, willing to listen to other perspectives, open to learning! 🇨🇦 🌈 🌎",1328.0,4986.0,2019-03-05 03:31:15+00:00,"Treaty 6, Alberta"
105329640,Garrett Ventry,http://pbs.twimg.com/profile_images/1634591772499214338/0rsIAKYT_normal.jpg,"Policy + Comms consultant. Former: U.S. House Chief of Staff, U.S. Senate and SCOTUS nominee flack. Airline critic. #BillsMafia. My views.",11736.0,2027.0,2010-01-16 01:42:56+00:00,DC/Palm Beach
1557783882522574849,Lucy Porter,http://pbs.twimg.com/profile_images/1557784014433525761/onAKS06c_normal.jpg,,18.0,119.0,2022-08-11 17:40:25+00:00,
1072628947727327232,Muhammad Rafiq Baloch,http://pbs.twimg.com/profile_images/1627660594177531905/pEFCmE1A_normal.jpg,"👉Student of Law LLB🎓
👉Live in Turbat💥
👉From pasni🌍
👉Books Lover📚
👉Wish me on 12 Jan🎂
👉Sociable Personality♻
👉Humanitarian🚸
👉Balochistani🇦🇿",962.0,4989.0,2018-12-11 23:07:24+00:00,Pasni Gwadar Balochistan 
2449686481,Mark Godfrey,http://pbs.twimg.com/profile_images/456877773940723712/nZB9IM15_normal.jpeg,"Harwich first, England second, British third, EU no chance 🏴󠁧󠁢󠁥󠁮󠁧󠁿🇬🇧 No DMs pls",2139.0,2366.0,2014-04-17 12:45:59+00:00,Essex
58337417,John Ned💙🌊🇺🇦👍,http://pbs.twimg.com/profile_images/1502774965375959040/s1lbdTqW_normal.jpg,An intrepid explorer of the human condition.   #BlueCrew,3906.0,4938.0,2009-07-20 00:33:10+00:00,"Seattle, WA"
1394842968255778818,Seema kurraddu || ᵀʰᵒᵏᵏᵘᵏᵘⁿᵗᵘᵖᵒᵛᵃᵃˡᵉ,http://pbs.twimg.com/profile_images/1635131938976440320/a9dEIdy8_normal.jpg,@tarak9999 @ncbn @RamMNK Programmer by profession 👨‍💻 no personal trolls,459.0,593.0,2021-05-19 02:31:15+00:00,United States
31492395,Susan Rush,http://pbs.twimg.com/profile_images/846469775677100032/9FhXAuvj_normal.jpg,,753.0,1347.0,2009-04-15 19:28:33+00:00,
1536728168408797184,Asusena Lopez,http://pbs.twimg.com/profile_images/1536728430561067008/1DoXojEx_normal.jpg,People person,3.0,49.0,2022-06-14 15:13:03+00:00,
53710490,Steve Marsh,http://pbs.twimg.com/profile_images/540361982080065538/5lkVkEoT_normal.jpeg,"A life long (true) conservative with empathy for fellow man. God, Country, Family, Friends, O's, Ravens, Santorini, ManU",180.0,1833.0,2009-07-04 16:58:48+00:00,
890529045225639936,K)ti B)t))😎,http://pbs.twimg.com/profile_images/1414074009499705350/N7eAG3L1_normal.jpg,,5540.0,4845.0,2017-07-27 11:07:24+00:00,
1609472368703045633,Eric Rodriguez,http://pbs.twimg.com/profile_images/1609472889534971905/3rLi4N4W_normal.png,,2.0,9.0,2023-01-01 08:53:33+00:00,
771785672772444160,#HereRightMatters 🏳️‍🌈🏳️‍⚧️🇺🇦☮,http://pbs.twimg.com/profile_images/1402083500015054857/by8TrANK_normal.jpg,"Pronouns: She/Her
https://t.co/NlHD5Y6obE @Hdiaz23",205.0,1089.0,2016-09-02 19:03:38+00:00,
2172148976,Lance Shuey,http://pbs.twimg.com/profile_images/1613021465066045446/x54V32Zr_normal.jpg,"“Life should be the focal point, and education the means.”",26.0,222.0,2013-11-03 13:09:30+00:00,"Denver, CO"
22208060,Hot Takes Laundro Lounge,http://pbs.twimg.com/profile_images/1631981580922105858/A1AhRDr1_normal.jpg,👻 When sophistication loses content then the only way of keeping touch with reality is to be crude and superficial. This is what I intend to be. 👻,1019.0,668.0,2009-02-27 23:54:10+00:00,Against Leviathan
330675150,Katie Yonke,http://pbs.twimg.com/profile_images/989595631470764032/s54qjK_V_normal.jpg,"For you formed my inward parts; you knitted me together in my mother’s womb. I praise you, for I am fearfully and wonderfully made.
Psalm 139:13-14",2389.0,726.0,2011-07-07 00:07:05+00:00,"Kenosha, WI"
1618127947,Alan O'Neill,http://pbs.twimg.com/profile_images/378800000386303430/51dfe2776560bbbcd0f67d657eab7033_normal.jpeg,Who? Me?,379.0,1438.0,2013-07-24 16:13:55+00:00,"Glasgow, Scotland"
1455736873272360965,Nick DeVamp 🇺🇸🇳🇿🇨🇦🇦🇺🇬🇧🇮🇪 Molon Labe,http://pbs.twimg.com/profile_images/1527129634202173441/DYTZ5lIM_normal.jpg,"I stand with Donald Trump against all enemies foreign and domestic (Democrats are pure evil, lock them up)! #FreeSpeech #Equality #MAGA #USARMY #BACKTHEBLUE #2A",786.0,1738.0,2021-11-03 03:21:40+00:00,United States
546799268,Aothman Ahmad Ladan🇳🇬🇧🇯🇹🇬,http://pbs.twimg.com/profile_images/1282309590676385793/CZ4DhwcI_normal.jpg,"If You Tell The Truth, It Becomes a Part Of Your Past, If You Lie, It Becomes a Part Of Your Future. #Red Devil’s Die Heart ❤️❤️",557.0,374.0,2012-04-06 13:17:47+00:00,"Gusau, Nigeria Lome"
351787639,Shield Maiden,http://pbs.twimg.com/profile_images/1287069217448251393/fdLWe77O_normal.jpg,Blue Traveler #FBR #Resist #MeidasMighty #Democracy & No MAGA 🇺🇦🇺🇦🇺🇦 ~Minimalist Landscapes & Nature ~Coastlines; State & Nat Parks ~North Florida Nomad,994.0,1987.0,2011-08-09 18:49:11+00:00,"Florida, USA"
1630341695916105728,gfith,http://pbs.twimg.com/profile_images/1630341760185499649/2pX2bGSN_normal.png,,112.0,878.0,2023-02-27 22:59:00+00:00,
857396881076432896,Adele,http://pbs.twimg.com/profile_images/1609753800704774144/Oz0YqAVO_normal.jpg,"Mom, Disney lover, Nurse PhD, forever Democrat",377.0,83.0,2017-04-27 00:52:00+00:00,"Pennsylvania, USA"
1502750094894022665,zim,http://pbs.twimg.com/profile_images/1502750242625761285/qNlb1RQp_normal.png,.,18.0,110.0,2022-03-12 20:55:51+00:00,
1853059508,alan barnes,http://pbs.twimg.com/profile_images/1199842554205753344/tmpksX7F_normal.jpg,"Army Vet 68-71 , HSU/Psychology, retired law enforcement professional, SF. CA. Molly my spirit lab,
Resist Trumpism/Fascism.",2267.0,4882.0,2013-09-11 02:19:20+00:00,
48760357,kieran,http://pbs.twimg.com/profile_images/1643356489699020800/xKKh8KsM_normal.jpg,,2242.0,4323.0,2009-06-19 16:59:58+00:00,
1564815332019212288,Trish Smithers,http://pbs.twimg.com/profile_images/1564817376373313536/o5w_Xl-J_normal.jpg,I am passionate about #News videos about #AtlanticCanada and #Canada.,76.0,380.0,2022-08-31 03:20:41+00:00,
1165936669,Luke Miao,http://pbs.twimg.com/profile_images/1428871411666407432/b2cf-Wg6_normal.jpg,"OBU '22 Follower of Jesus Christ U.S. Army SPC 13J Noble French Conservative (Those of y’all who know, know) Views are my own and do not represent the Army/DOD",512.0,1486.0,2013-02-10 13:31:15+00:00,"Plano, Texas/El Paso, Texas"
1325720727534886914,Bovine University,http://pbs.twimg.com/profile_images/1491543308769890310/QEhX8rrO_normal.jpg,,42.0,711.0,2020-11-09 08:44:01+00:00,"New York, USA"
41109933,Helga's Stockings 🧦,http://pbs.twimg.com/profile_images/1569055730367447040/QUrK9mJK_normal.jpg,"Developer of WooCommerce things, author of Name Your Price, USA handball athlete, guacamole aficionado, hopeless wanderer, & general renaissance woman. she/her.",1870.0,1264.0,2009-05-19 13:00:56+00:00,Vagabond
1003117312898207744,𝐖𝐒𝐗𝐄𝐍𝐉𝐎𝐘𝐄𝐑 “𝐓𝐑𝐈𝐏𝐋𝐄 𝟑 𝐌𝐀𝐅𝐈𝐀”,http://pbs.twimg.com/profile_images/1612196720850395139/O_0taD1Z_normal.jpg,The Illmatical One of WST / CAP RULES EVERYTHING AROUND ME,125.0,524.0,2018-06-03 03:32:59+00:00,Sox-35th
17535773,Daniel Herndon,http://pbs.twimg.com/profile_images/1438174630779531268/VAuYWr5Q_normal.jpg,Writer and Ad Man. Author of The Lorem Ipsum. Uses humor as a defense mechanism. Doesn't have a podcast.,2817.0,499.0,2008-11-21 13:08:13+00:00,"Indianapolis, IN"
61596858,Isabel Pisano,http://pbs.twimg.com/profile_images/1331270415663177730/4GkEZaxO_normal.jpg,Filmmaker - Documentaries - Peace Proliferation Topics a Specialty -,178.0,145.0,2009-07-30 20:56:56+00:00,Brookline MA
13850422,CNN Politics,http://pbs.twimg.com/profile_images/1605250242991079425/r3w0s9RN_normal.jpg,"Political news, campaign stories and Washington coverage from CNN Politics.",4504186.0,336.0,2008-02-23 03:12:49+00:00,"Washington, DC"
1506487691172794374,🚑First Aid‼️,http://pbs.twimg.com/profile_images/1642984457547419648/FxwsbHJy_normal.jpg,"Orion/Ratchet/First Aid || 13-15 y/o || Norse Pagan || First Aid fictkin ||🏳️‍🌈🏳️‍⚧️🇦🇺 || alt: @agenderaid
‼️PROWL HATER‼️
Matching w/@notfoundminty",107.0,181.0,2022-03-23 04:27:38+00:00,The Lost Light
2872968975,walter white,http://pbs.twimg.com/profile_images/1594509115006615554/ku-gsb-f_normal.jpg,| 513📍 | #LowLife 🎈| ⚡️ | Barber💰 | Entrepreneur  |,946.0,1154.0,2014-11-11 22:10:20+00:00,The shop 💈
16337999,Lucky Mendez,http://pbs.twimg.com/profile_images/1268657155369992194/7R3yPGsy_normal.jpg,"Father, Son, Brother",1511.0,5000.0,2008-09-17 22:03:33+00:00,"31.707616,-106.192144"
2963590237,Gerrit Heikamp,http://pbs.twimg.com/profile_images/1164539721923432449/3LPygWkA_normal.jpg,"Born in 1948 in the Netherlands, emmigrated to Canada in 1953, a Queen Scout, became a Canadian citizen in 1969, and a cancer survivor.",437.0,286.0,2015-01-07 17:37:01+00:00,"Calgary, Alberta"
2158855397,SBP,http://pbs.twimg.com/profile_images/881685073342459904/cWlmAUe-_normal.jpg,BEAUTIFUL,1330.0,1358.0,2013-10-29 17:01:47+00:00,
1344828223536959488,☕️,http://pbs.twimg.com/profile_images/1639711404331528194/RuEFizl5_normal.jpg,lover ⚖️✨🌿,458.0,292.0,2021-01-01 02:10:19+00:00,Jersey ✈︎ CLT
1332437541988036613,Detective John Kimble,http://pbs.twimg.com/profile_images/1596216202468245505/pzyt7fUU_normal.jpg,,70.0,70.0,2020-11-27 21:34:15+00:00,
1243413940966535168,Amendment,http://pbs.twimg.com/profile_images/1243427907768397824/JETMob_u_normal.jpg,,159.0,211.0,2020-03-27 05:46:16+00:00,
1596558402955509760,EsperanzaRobinson,http://abs.twimg.com/sticky/default_profile_images/default_profile_normal.png,,15.0,104.0,2022-11-26 17:36:14+00:00,
186173981,LOBALOBA’23,http://pbs.twimg.com/profile_images/1315579622604640256/gSaDzAfQ_normal.jpg,IG: _Tobihano SC: Loba_loba007 @realmadrid @wizkidayo #teamfollowforfollow✌✌#GODFIRST #ALEENA #IYANU #LOBALOBA 🖤❤ #HUSTLE #TESTIMONY💯,3717.0,4031.0,2010-09-02 19:23:57+00:00,"Shitta, Surulere. Lagos"
772186448183173121,Lucky Mendez,http://pbs.twimg.com/profile_images/851065259460894720/THz_hGH3_normal.jpg,,272.0,2745.0,2016-09-03 21:36:10+00:00,"Horizon City, TX"
15636342,I am abnormal and I like others who are abnormal,http://pbs.twimg.com/profile_images/1175340111405441024/aJssxTYn_normal.jpg,"Traveler, Physical security specialist, Electrician, Alarm & Fire Tech, Privacy rights, foodie, https://t.co/7PbCoMBUv0",1791.0,5001.0,2008-07-28 19:26:05+00:00,"Cleveland, OH"
4790501251,Don't let the Bastards grind you down.,http://pbs.twimg.com/profile_images/1476128486104260610/ZNzKx2ne_normal.jpg,"ABANDON THE METROS. Jesus wins. Myocarditis Hesitant. Unapologetic Culturalist, the epithet 'racist' is used often as deflection from the issue of culture.",782.0,2790.0,2016-01-20 21:29:50+00:00,
2294594190,MICHAEL,http://pbs.twimg.com/profile_images/1642269235140349954/EjbA06zw_normal.jpg,I BLOCK ALL MAGA'TS 🐑,809.0,848.0,2014-01-16 15:16:05+00:00,United States
1052920243423780864,Scott Boosahda 🇺🇸,http://pbs.twimg.com/profile_images/1240844733989236737/Slpsv7KN_normal.jpg,🇺🇸,314.0,1877.0,2018-10-18 13:52:03+00:00,United States of America.🇺🇸
1426937629,Don Bassey,http://pbs.twimg.com/profile_images/864933344177405952/GuWnxlyg_normal.jpg,"Bassist/vocalist/producer/coach at Don Bassey Music; Justin's Dad, Grandpa to Cody and Max, proud Navy veteran, cancer survivor. No DMs. No lists.",1868.0,2778.0,2013-05-14 03:24:54+00:00,"Vallejo, CA"
1511706653921402899,AceNeil🇺🇸🚀,http://pbs.twimg.com/profile_images/1511707282202980359/SOtgCK6u_normal.jpg,,11.0,162.0,2022-04-06 14:05:50+00:00,
967133261917954048,Sue Buttler ☮️🌈🇺🇸 🌞,http://pbs.twimg.com/profile_images/1497364729710268418/WyguqEQY_normal.jpg,,1190.0,1562.0,2018-02-23 20:25:12+00:00,"Henderson, NV"
227878312,Plaid_JesusReturn,http://pbs.twimg.com/profile_images/2776251617/9c6c4ead1ce68fd85df345bb62ec16ee_normal.jpeg,"If you believe that Jesus is God one of these day he will return to earth to save your life no one loves you more than Jesus he rather die for you, let you live",554.0,2093.0,2010-12-18 02:32:19+00:00,"Washington DC, USA"
1436846240864641025,WallStreetFools,http://pbs.twimg.com/profile_images/1625698757785387008/gS_7QTsO_normal.png,"Follow us on Twitter if you like but join our Reddit community,that is where all the fun happens. Over 4,000 members and growing!",563.0,174.0,2021-09-12 00:18:30+00:00,
2919047954,Make L.A Great Again 🇺🇸,http://pbs.twimg.com/profile_images/1120718527852191744/zQVwH4cm_normal.jpg,"L.A Native -  #MAGA  
$DWAC shareholder
Drain the California swamp . 
TruthSocial : Lalovestrump 
Gab: lalovestrump
Recall George Gascon",12124.0,8144.0,2014-12-04 23:10:45+00:00,L.A - aka SJW Central 
1421113242064146435,Katherine💎,http://pbs.twimg.com/profile_images/1617856659895816192/DskZtmk4_normal.jpg,Author- whats next?,29.0,75.0,2021-07-30 14:21:54+00:00,"Toronto, Ontario"
86549427,Leonardo Escalante,http://pbs.twimg.com/profile_images/1805707294/Leo_Escalante_bigger_normal.jpg,,2299.0,2212.0,2009-10-31 15:41:34+00:00,Venezuela
117555920,Stephanie Heeg,http://pbs.twimg.com/profile_images/796936864741539840/QhtwzEam_normal.jpg,"I used to think I was a people person. My superpowers include bra-fitting, dealing with insurance and stretching a budget. I’ll probably cuss. she/her",1370.0,2808.0,2010-02-25 22:39:07+00:00,"Phoenix. Yep, it's hot."
1230132785693757443,cMott,http://pbs.twimg.com/profile_images/1230133257519366148/h3wLtLbN_normal.jpg,"married to my husband,loves animals, strong women rights advocate, believe in kindness and holding republicans accountable for trying to overthrow our democracy",927.0,776.0,2020-02-19 14:11:48+00:00,
1345116303355498504,Json,http://pbs.twimg.com/profile_images/1346894579769827329/yLV_gfrQ_normal.jpg,Blue 🌊. Proud Christian. Jesus was a liberal! Verbally attacking GOP nonsense one tweet at a time.,212.0,727.0,2021-01-01 21:15:02+00:00,
411133921,PhyddleDD,http://pbs.twimg.com/profile_images/633744685836599297/BPfH_SnU_normal.jpg,Ossified Contrarian who believes in Fair play for ALL. I also teach Advanced Twerking. #FBR.,7351.0,8075.0,2011-11-13 01:28:54+00:00,"Metro Atlanta, GA"
19852608,backup/alt for Joeyաrecκ ☭,http://pbs.twimg.com/profile_images/1638017904527515649/u5YVebOA_normal.jpg,The real ass leftist.,1624.0,3285.0,2009-02-01 09:56:40+00:00,"Midwest, U.S."
1265355240552964096,ragdollyanna,http://pbs.twimg.com/profile_images/1396153452682678272/3Qp1K2h-_normal.jpg,Female 50s born robbed of SP. Love being English no tolerance of H&M inequality unfairness misogynists greed and stupidity. no particular political affinity.,3671.0,4982.0,2020-05-26 18:53:18+00:00,
533400906,"BlueAnon, PhD",http://pbs.twimg.com/profile_images/1269322757759660033/dY5JSwkc_normal.jpg,Public health practitioner and educator,78.0,76.0,2012-03-22 17:19:05+00:00,"Oregon, USA"
152883896,Ysa╰(◣﹏◢)╯,http://pbs.twimg.com/profile_images/1466256755269124098/KSYbscD1_normal.jpg,This is Me. Eccentric. Eclectic. Organized Chaos. A visual clutter. Can be seen on both ends. Anything goes in the mind. ╰(◣﹏◢)╯Batang Gapo. Hodgepodge. Si B2.,1011.0,1502.0,2010-06-07 03:38:44+00:00,"Washington, USA"
1195156284493971456,D.K. Parker,http://pbs.twimg.com/profile_images/1637225803501928448/cxFQRDT-_normal.jpg,I Love God And My Family!!!,2596.0,4920.0,2019-11-15 01:47:48+00:00,
1262987183570518016,1980 Tenants,http://pbs.twimg.com/profile_images/1271273560577802240/qdx5Watx_normal.jpg,,1264.0,1965.0,2020-05-20 06:04:19+00:00,
1448061730169376769,DOGE BOI WITH NO COINS,http://pbs.twimg.com/profile_images/1642272029176127490/rE0u8b3T_normal.jpg,CSUC to wh,69.0,193.0,2021-10-12 23:03:53+00:00,"Fontana, CA"
1592212709579407360,Jimmy Groot,http://pbs.twimg.com/profile_images/1630409222578905093/4TtLl6jt_normal.jpg,"Growling at bad ideas. ""point to a deer and call it a horse"" 指鹿為馬",15.0,134.0,2022-11-14 17:47:52+00:00,
35631127,Sisternotorious,http://pbs.twimg.com/profile_images/959179215273938945/bKLE3Czz_normal.jpg,,1288.0,956.0,2009-04-27 01:43:34+00:00,cardiff
873758990727041024,CONSERVATIVE MEMAW,http://pbs.twimg.com/profile_images/1152030954820644865/nHn4uYCu_normal.jpg,"Retired nurse.wife,mother,grandmother, Conservative,educated trumper.2 nephews and 2 grandsons serving our country.Trump is my President.#MAGA by rt'in NO LISTS",20900.0,22804.0,2017-06-11 04:29:11+00:00,"North Carolina, USA"
