tweet_id,twitter_handle,parent_tweet_id,tweet,tweet_time,location
1643409675545726977,1535262047369412609,1643406426209939461,@JabiAll @WarrenCarrigan @TheOnion Let me tell you how research grants work. You take some argument that could soun… https://t.co/LHFRWzvFCr,2023-04-05 00:26:14+00:00,
1643409674769944577,1411897141,None,RT @grant_phd: Jacinda Ardern says goodbye to parliament: how her politics of kindness fell on unkind times https://t.co/uQJNcy5yYP via @Co…,2023-04-05 00:26:14+00:00,Living on Worimi country.
1643409674455117824,2596534806,None,"RT @jhollymc: Sexton is playing politics, trying to bolster his right wing creds for what is likely to be his 2026 gubernatorial run. In th…",2023-04-05 00:26:14+00:00,"Nashville, TN"
1643409673444286465,810291589239033856,1643246334298783744,"@AYSSPORTS Iowa is a battleground state, bro. It's all fkn politics.",2023-04-05 00:26:13+00:00,"Louisiana, USA"
1643409672882520065,612159013,None,"RT @GavinNewsom: Kids in Tennessee are showing up in the thousands demanding action.

The nation is still mourning our children being gunne…",2023-04-05 00:26:13+00:00,
1643409672735449088,1432685178799988738,None,RT @DonDonMarshall1: Daughter of Judge Overseeing Donald Trump’s Case Worked on Biden-Harris Campaign https://t.co/3OkJgwiGIa,2023-04-05 00:26:13+00:00,
1643409672072724482,1589408880899100673,None,RT @Franklin_Graham: I was watching @60Minutes Sunday night &amp; saw @LesleyRStahl’s interview with @RepMTG. I learned a lot. I don’t know her…,2023-04-05 00:26:13+00:00,United States
1643409671305445376,1034973028738691072,None,RT @froomkin: I did not know this many bad takes could fit into one article. “The indictment in New York was as if Trump himself was again…,2023-04-05 00:26:13+00:00,Elsewhere
1643409671154442240,775447828004864000,None,"RT @nytimes: The FDA plans to allow older and immunocompromised Americans to get an updated coronavirus booster shot in the coming weeks, a…",2023-04-05 00:26:13+00:00,WA
1643409671066198016,1558753809429569536,None,"RT @Kevin_Maguire: Engineered huge inequality rise

Stuffed bank accounts of richest

Deregulated finance

Gave away public assets

Climate…",2023-04-05 00:26:13+00:00,County Palatinate of Lancaster
1643409670785183747,1098611071705931779,None,RT @ChrisLawSNP: I will not be letting the UK Government silence my voice; you can trust me on that. Scotland needs strong and loud propone…,2023-04-05 00:26:13+00:00,
1643409670164365312,948652081673637889,None,RT @BubblesToBurst: Here is Putin giving a very accurate and reasonable explanation of how US politics work and the limits of presidential…,2023-04-05 00:26:13+00:00,"North Carolina, USA"
1643409669803888641,1597633809511378944,None,"RT @VinceSheetz: TRUMP WAS CHARGED TODAY BECAUSE HE'S RUNNING FOR PRESIDENT IN 2024. 
PERIOD. 
FULL STOP. 

EVERYONE KNOWS IF TRUMP RETIRED…",2023-04-05 00:26:13+00:00,
1643409669342330881,1594306048621514752,None,RT @TomFitton: How big foreign cash bankrolls extremist Left... https://t.co/Qxfkx5yWid,2023-04-05 00:26:12+00:00,
1643409669283786752,547292623,None,RT @jsolomonReports: Mississippi GOP Sen. Hyde-Smith endorses Trump for president right before arraignment   | Just The News  https://t.co/…,2023-04-05 00:26:12+00:00,
1643409666544750592,898603386,None,"RT @krassenstein: This is how Donald Trump will be remembered in the History books.  Whether you like it or not, this is one of the images…",2023-04-05 00:26:12+00:00,"Canyon Lake, TX"
1643409665730945024,1939118838,None,"RT @RealCoachStein: DeSantis signs bill to carry concealed guns without a permit effective July 1st

Repubs just made Florida a #FreeForAll…",2023-04-05 00:26:12+00:00,"North Carolina, USA"
1643409665227649025,1311712345358565382,None,"Former President Whoremonger, who in fact did illegal things to influence the 2016 election
Lock Him Up!
https://t.co/GBSOlMK1CB",2023-04-05 00:26:11+00:00,"Bayshore Gardens, FL"
1643409665110458369,1536813083967885312,1643327094317776900,@lion_politics Republicans never had chance. Wisconsin is a deep blue pro abortion state.,2023-04-05 00:26:11+00:00,
1643409663764078593,800338689339445252,None,"RT @9mmballpoint: A meticulously-crafted AI deepfake of AOC eating a puppy will convince the exact same number of people as tweeting ""hey I…",2023-04-05 00:26:11+00:00,Close. Too close. 
1643409663575064578,2480942394,1642975216191012869,@davidmweissman @charliekirk11 @mtgreenee It’s a fact bro.  You love CNN. https://t.co/0nhfiLqegf,2023-04-05 00:26:11+00:00,"Austin, TX"
1643409663487008775,3285435380,1643399240096559105,"@HiRezTheRapper My politics are: leave me alone :pretty much

And that makes me a right winger too apparently 😂",2023-04-05 00:26:11+00:00,🥚
1643409663218835456,1614430477,None,"RT @joececiyyc: Danielle Smith, who is on video speaking to a man awaiting trial, says she'll no longer speak about her attempts to interfe…",2023-04-05 00:26:11+00:00,
1643409661750640640,4568118332,None,"RT @SherylCrow: Pay attention to what’s happening in Tennessee….

#TennesseeThree 

https://t.co/IrMDyh4F0f",2023-04-05 00:26:11+00:00,MN
1643409661658292225,1224198638009753600,1643267020811649025,"@hemantmehta Yes, the man thinks Rep. Greene brings common sense to politics. He seems a sound judge of common sens… https://t.co/M8XsLgMVZY",2023-04-05 00:26:11+00:00,USA
1643409661478031360,1113502059058335745,None,"RT @royermattw: Politics like this should be called out. 

When candidates run as one party because they know that party is more popular in…",2023-04-05 00:26:11+00:00,"Newton, MA"
1643409659531866112,767077770765754368,None,"RT @dax19956: I know Trump is indicted, but:

-NC GOP just has been handed a supermajority to veto a dem governor 
-TX is restricting drag…",2023-04-05 00:26:10+00:00,NY
1643409659427016705,188585765,None,"RT @ewarren: What’s happening in Tennessee is infuriating and anti-democratic. I stand with @brotherjones_, @VoteGloriaJ, @Justinjpearson,…",2023-04-05 00:26:10+00:00,
1643409659263590400,1102773540741275648,None,RT @DuaneBratt: UCP’s pitch for provincial police force unpopular across party lines: poll https://t.co/gkHHCq79rU via @calgaryherald The e…,2023-04-05 00:26:10+00:00,"Treaty 6, Alberta"
1643409658680311810,105329640,None,.@triciacotham is one of the nicest and coolest people I’ve ever met in politics. The attacks on her have been real… https://t.co/FC1HXhhF2v,2023-04-05 00:26:10+00:00,DC/Palm Beach
1643409657258549249,1557783882522574849,None,"RT @XRebellionUK: They fill our media with lies
They flood our rivers with shit
They give tax breaks to oil companies while ordinary people…",2023-04-05 00:26:10+00:00,
1643409655488741376,1072628947727327232,None,RT @CNN: BREAKING: Donald Trump is now under arrest in New York City ahead of his arraignment in court https://t.co/0NxzuxZt8I https://t.co…,2023-04-05 00:26:09+00:00,Pasni Gwadar Balochistan 
1643409654439878662,2449686481,None,RT @OhBrokenBritain: Blood money and yet more scandal as Sunak wriggles! No10 gives millions to groups campaigning against Rwanda migrant p…,2023-04-05 00:26:09+00:00,Essex
1643409654138146816,58337417,None,"RT @NikkeiAsia: UKRAINE LATEST: U.S. to provide Kyiv with additional $2.6bn in military aid
https://t.co/QRhP545bO6",2023-04-05 00:26:09+00:00,"Seattle, WA"
1643409652149878785,1394842968255778818,None,"RT @Mirchi9: Why Should I Criticize Jagan?: Undavalli

Anyone who knows Undavalli will never expect him to criticize Jagan genuinely. Furth…",2023-04-05 00:26:08+00:00,United States
1643409651604520968,31492395,None,"RT @ewarren: What’s happening in Tennessee is infuriating and anti-democratic. I stand with @brotherjones_, @VoteGloriaJ, @Justinjpearson,…",2023-04-05 00:26:08+00:00,
1643409649553612804,1536728168408797184,1643409103635591168,"@gerry_cadava No. South Texas. Chicago politics though, infamous.",2023-04-05 00:26:08+00:00,
1643409648739917827,53710490,None,"RT @MuellerSheWrote: WISCONSIN! TODAY IS THE DAY! Your vote today is more important than anything going on in New York, and will impact dem…",2023-04-05 00:26:07+00:00,
1643409645841666048,890529045225639936,None,RT @GR8MXN: kojo-oppong nkrumah. yawa guy. i can’t believe i used to stan that guy. herh politics.,2023-04-05 00:26:07+00:00,
1643409645695021057,1609472368703045633,None,"RT @EliseStefanik: How far will Democrats go to unconstitutionally silence President Trump?
This is yet ANOTHER political witch-hunt led by…",2023-04-05 00:26:07+00:00,
1643409644759695360,771785672772444160,None,"RT @ewarren: What’s happening in Tennessee is infuriating and anti-democratic. I stand with @brotherjones_, @VoteGloriaJ, @Justinjpearson,…",2023-04-05 00:26:07+00:00,
1643409643543093249,2172148976,None,"RT @dax19956: I know Trump is indicted, but:

-NC GOP just has been handed a supermajority to veto a dem governor 
-TX is restricting drag…",2023-04-05 00:26:06+00:00,"Denver, CO"
1643409643039752192,22208060,None,RT @jlundqui: Attempts to revive New Deal politics are complicated by the hollowing/sharpening of the US state the past half-century by rea…,2023-04-05 00:26:06+00:00,Against Leviathan
1643409642117120001,330675150,None,"RT @imillhiser: Folks, the legal foundations of this Trump indictment are... not great.

https://t.co/XjRcYBYWnc",2023-04-05 00:26:06+00:00,"Kenosha, WI"
1643409642003877888,1618127947,1640364462153650176,@CraigMurrayOrg Identity politics...? https://t.co/g2lCiMO6Tp,2023-04-05 00:26:06+00:00,"Glasgow, Scotland"
1643409641018122240,1455736873272360965,1643406595420999680,@jeffgoldesq @MSNBC Scheme to get elected lol. It’s only a chrome when Trump does it. When everyone else does it it’s called politics.,2023-04-05 00:26:06+00:00,United States
1643409638157611008,546799268,None,"RT @CNN: Former President Donald Trump speaks at Mar-a-Lago after his arraignment earlier today in New York, responding to the charges agai…",2023-04-05 00:26:05+00:00,"Gusau, Nigeria Lome"
1643409637222359041,351787639,None,"RT @GavinNewsom: Kids in Tennessee are showing up in the thousands demanding action.

The nation is still mourning our children being gunne…",2023-04-05 00:26:05+00:00,"Florida, USA"
1643409636966400000,1630341695916105728,None,"RT @FloridaGOP: “Constitutional Carry is in the books.” - @RonDeSantisFL 
 
https://t.co/wYqV3KzaMe",2023-04-05 00:26:05+00:00,
1643409633741008896,857396881076432896,None,"RT @GavinNewsom: Kids in Tennessee are showing up in the thousands demanding action.

The nation is still mourning our children being gunne…",2023-04-05 00:26:04+00:00,"Pennsylvania, USA"
1643409631773970433,1502750094894022665,1643402670302982144,"@Diamondeyes45 @JamaicaConstab I keep telling them,playing with crime statistics isn't going end well for the count… https://t.co/XdlF7YqxUr",2023-04-05 00:26:03+00:00,
1643409630918500352,1853059508,None,RT @jilevin: Trump loyalists such as Marjorie Taylor Greene and George Santos quickly flee chaotic protests : When Rep. Marjorie Taylor Gre…,2023-04-05 00:26:03+00:00,
1643409629395689481,48760357,None,"RT @dax19956: I know Trump is indicted, but:

-NC GOP just has been handed a supermajority to veto a dem governor 
-TX is restricting drag…",2023-04-05 00:26:03+00:00,
1643409624970989568,1564815332019212288,None,P.E.I. election: King promises ‘positive politics’ #PEIPoli #PrinceEdwardIslandPolitics #CanadaNews… https://t.co/2NitQMChh8,2023-04-05 00:26:02+00:00,
1643409624924848129,1165936669,None,American Christians of all stripes and persuasions need to disentangle their politics from their faith. Pronto.,2023-04-05 00:26:02+00:00,"Plano, Texas/El Paso, Texas"
1643409622810734592,1325720727534886914,1643408337042546690,@RuFOrufneck @NJ_Politics Do you get all your medical information from memes? 😂😂😂,2023-04-05 00:26:01+00:00,"New York, USA"
1643409620528922624,41109933,None,"RT @dax19956: I know Trump is indicted, but:

-NC GOP just has been handed a supermajority to veto a dem governor 
-TX is restricting drag…",2023-04-05 00:26:01+00:00,Vagabond
1643409620323409920,1003117312898207744,1643408224446713856,i usually stay out of politics on here but this was too good an opportunity to pass up,2023-04-05 00:26:01+00:00,Sox-35th
1643409618951872514,17535773,None,"The GOP Hemophobia

Republican politicians get lightheaded in the wake of the Trump indictment and arraignment.… https://t.co/r8wkvtJ6Yb",2023-04-05 00:26:00+00:00,"Indianapolis, IN"
1643409618679341057,61596858,None,RT @liztheo: I've had the honor of working alongside @Justinjpearson and @brotherjones_ for years. They are principled and loving warriors…,2023-04-05 00:26:00+00:00,Brookline MA
1643409617437745152,13850422,None,"Former President Donald Trump speaks at Mar-a-Lago after his arraignment earlier today in New York, responding to t… https://t.co/KKS320bd6M",2023-04-05 00:26:00+00:00,"Washington, DC"
1643409616838197248,1506487691172794374,None,"As an Australian, I enjoy engaging in American politics",2023-04-05 00:26:00+00:00,The Lost Light
1643409616670273538,2872968975,None,RT @Tripolar_B: Crazy how many niggas was fucking wit Trump before the politics shit Lmao,2023-04-05 00:26:00+00:00,The shop 💈
1643409616280207361,16337999,None,"RT @CNN: Former President Donald Trump speaks at Mar-a-Lago after his arraignment earlier today in New York, responding to the charges agai…",2023-04-05 00:26:00+00:00,"31.707616,-106.192144"
1643409613931311104,2963590237,None,"RT @JimMurp77852985: @cafreeland I'm sure the $467 for a family of 4, that's $9.73 per week, or $1.39 per day or .34 per person per day wil…",2023-04-05 00:25:59+00:00,"Calgary, Alberta"
1643409613327331328,2158855397,None,"RT @dax19956: I know Trump is indicted, but:

-NC GOP just has been handed a supermajority to veto a dem governor 
-TX is restricting drag…",2023-04-05 00:25:59+00:00,
1643409613306331136,1344828223536959488,None,RT @cnnbrk: Donald Trump is now under arrest in New York City ahead of his arraignment in court https://t.co/VmtYuyNFJ1 https://t.co/kfOmkD…,2023-04-05 00:25:59+00:00,Jersey ✈︎ CLT
1643409612589215747,1332437541988036613,1643368773204975616,"@drfingers1 @PaulERoth @Disneydrama1 @gtconway3d Ron, forget the politics for a moment. Bashing your wife’s work is… https://t.co/5HhuvXKmxG",2023-04-05 00:25:59+00:00,
1643409611137884160,1243413940966535168,None,"RT @FrankFigliuzzi1: Shortest protest in NY history? “MTG Flees Her Own Protest”: Marjorie Taylor Greene, George Santos Protest Trump Arres…",2023-04-05 00:25:59+00:00,
1643409610173468672,1596558402955509760,None,"RT @RobinNiblett: Good article about potential divergence btw US / UK/ those arguing now that Putin must lose from Ukraine, and those in Eu…",2023-04-05 00:25:58+00:00,
1643409610156408833,186173981,None,"RT @CNN: Former President Donald Trump speaks at Mar-a-Lago after his arraignment earlier today in New York, responding to the charges agai…",2023-04-05 00:25:58+00:00,"Shitta, Surulere. Lagos"
1643409608961142784,772186448183173121,None,"RT @CNN: Former President Donald Trump speaks at Mar-a-Lago after his arraignment earlier today in New York, responding to the charges agai…",2023-04-05 00:25:58+00:00,"Horizon City, TX"
1643409608185196544,15636342,None,RT @agarrettABJ: Another moment to remember where you were....I'm reporting a story about how the fatal police shooting of Jayland Walker c…,2023-04-05 00:25:58+00:00,"Cleveland, OH"
1643409607593975808,4790501251,None,"RT @remnantposting: The ""philosophy"" behind communism and socialism has always, always, always been nothing more than an animating message…",2023-04-05 00:25:58+00:00,
1643409607518220289,2294594190,1643390503256244224,"@BeelzebubbaS @pactimetrader @TheRickyDavila Im pretty sure shooters could care less about politics,but republicans… https://t.co/JLJpD1nfUq",2023-04-05 00:25:58+00:00,United States
1643409605609791488,1052920243423780864,None,RT @FoxNews: Sen. Marco Rubio on Trump arraignment: ‘we are going to regret this day for a very long time’ https://t.co/Ewa81NR41Y,2023-04-05 00:25:57+00:00,United States of America.🇺🇸
1643409604553117698,1426937629,None,"RT @PalmerReport: If you’re rooting for Trump to be gag ordered, this is exactly what you want. Judge warns Trump at his arraignment, then…",2023-04-05 00:25:57+00:00,"Vallejo, CA"
1643409603609391104,1511706653921402899,1643353627103465472,@Coast_Politics Then vote Trump 2024,2023-04-05 00:25:57+00:00,
1643409603542257664,967133261917954048,None,"RT @Barrabarra5: @MaryLTrump Mary, please keep an eye on McConnell [what he does, not what he says], and encourage your associates and cont…",2023-04-05 00:25:57+00:00,"Henderson, NV"
1643409603189944321,227878312,None,RT @FoxNews: Trump faces maximum sentence of 136 years in prison for 34-count indictment https://t.co/kOOm76OsH3,2023-04-05 00:25:57+00:00,"Washington DC, USA"
1643409603147735042,1436846240864641025,1643357957164511232,"@SpeakerMcCarthy Equal justice.... when is the indictment coming..
https://t.co/FnPsspt7hz",2023-04-05 00:25:57+00:00,
1643409602996994049,2919047954,1643408992453140481,"@JohnSmithNew2 Seriously wtf is wrong w this guy 

https://t.co/nIugHbI6gy",2023-04-05 00:25:57+00:00,L.A - aka SJW Central 
1643409599578374145,1421113242064146435,None,Trump speech live updates: Former president speaks at Mar-a-Lago after pleading not guilty…..hmmm i guess its true…… https://t.co/Fpo18gT2wz,2023-04-05 00:25:56+00:00,"Toronto, Ontario"
1643409598450106368,86549427,None,RT @FoxNews: Trump awarded nearly $122K in attorney fees from Stormy Daniels https://t.co/FvzDk8kHCd,2023-04-05 00:25:56+00:00,Venezuela
1643409597783502850,117555920,None,"RT @dax19956: I know Trump is indicted, but:

-NC GOP just has been handed a supermajority to veto a dem governor 
-TX is restricting drag…",2023-04-05 00:25:55+00:00,"Phoenix. Yep, it's hot."
1643409597539966977,1230132785693757443,None,"RT @dax19956: I know Trump is indicted, but:

-NC GOP just has been handed a supermajority to veto a dem governor 
-TX is restricting drag…",2023-04-05 00:25:55+00:00,
1643409597527474176,1345116303355498504,1643372986462875652,@konwick_4 @ThePoniExpress What a stupid ass take. Damn.,2023-04-05 00:25:55+00:00,
1643409594557841409,411133921,None,"RT @ctyankee007: New Yorkers tell MTG to STFU 
https://t.co/qmJA12OorO",2023-04-05 00:25:55+00:00,"Metro Atlanta, GA"
1643409593614073856,19852608,None,RT @joeywreck: It's completely intentional that U.S. politics seems to be stuck in a never-ending cycle of polarization and gridlock. Do yo…,2023-04-05 00:25:54+00:00,"Midwest, U.S."
1643409592456736769,1265355240552964096,None,RT @jaycee1001: Is there anybody in politics strong enough to lead this country - we used to be one of the most important countries in the…,2023-04-05 00:25:54+00:00,
1643409591974199296,533400906,None,"RT @GavinNewsom: Kids in Tennessee are showing up in the thousands demanding action.

The nation is still mourning our children being gunne…",2023-04-05 00:25:54+00:00,"Oregon, USA"
1643409591945019393,152883896,None,"RT @ChrisMurphyCT: A current Republican State Representative was arrested for fraud, theft and bribery, and the House took no action. 

Thr…",2023-04-05 00:25:54+00:00,"Washington, USA"
1643409591210856449,1195156284493971456,None,RT @FoxNews: Trump faces maximum sentence of 136 years in prison for 34-count indictment https://t.co/kOOm76OsH3,2023-04-05 00:25:54+00:00,
1643409590875492354,771785672772444160,None,"RT @GavinNewsom: Kids in Tennessee are showing up in the thousands demanding action.

The nation is still mourning our children being gunne…",2023-04-05 00:25:54+00:00,
1643409588446801920,1262987183570518016,None,RT @jilevin: Trump loyalists such as Marjorie Taylor Greene and George Santos quickly flee chaotic protests : When Rep. Marjorie Taylor Gre…,2023-04-05 00:25:53+00:00,
1643409584944734209,1448061730169376769,1643397933474148353,@benshapiro Politics for the politicer,2023-04-05 00:25:52+00:00,"Fontana, CA"
1643409583203917825,1592212709579407360,None,"RT @DrJacobsRad: Since 2015 Trudeau has added 78,923 new civil servants to the payroll.

By way of comparison, there are only 93,998 physic…",2023-04-05 00:25:52+00:00,
1643409581974929408,35631127,None,"RT @UkTruth2020: It’s official! 

Tory MPs told to remove 'Conservative' from social bios ⁦@carolvorders⁩ ! 🤣🤦‍♂️🤷‍♂️ https://t.co/rspMfZXl…",2023-04-05 00:25:52+00:00,cardiff
1643409579404062721,58337417,None,"RT @Independent: Counter-protest forces Marjorie Taylor Greene to flee Trump arraignment as she compares him to Mandela
https://t.co/TWNr2E…",2023-04-05 00:25:51+00:00,"Seattle, WA"
1643409577486974981,873758990727041024,None,"RT @NewYorkSun: 👍  Like and Follow 🇺🇸 🗽

The New York Sun covers America and the world from a base at New York. Its report comprises straig…",2023-04-05 00:25:51+00:00,"North Carolina, USA"
